gene,category,n,mean,sd,sem,ci95_l,ci95_u,min,max,q25,q75,iqr
ABRACL,tumour,14,107.396021046555,87.6859231642051,23.4350487231029,61.4641695733324,153.327872519778,22.8055131896815,277.264925321754,34.7940587103973,181.059693570022,146.265634859625
ABRACL,host,14,34.2492883651518,83.68593706202,22.3660074698005,-9.58728075361091,78.0858574839145,0,319.88784549207,1.21833028248937,27.6833015074211,26.4649712249317
ABRACL,ht,3,454.270847321581,234.526467578115,135.403919188317,188.884042346908,719.657652296254,318.401690868339,725.078152246943,318.8671948589,522.205425548202,203.338230689302
ADIPOR1,tumour,14,59.9491562348772,25.8409490582952,6.90628413751567,46.4130880583462,73.4852244114082,0,96.2025271192147,47.5173373158924,78.3091107865993,30.7917734707068
ADIPOR1,host,1,24.3972469190737,,,,,24.3972469190737,24.3972469190737,24.3972469190737,24.3972469190737,0
ADIPOR1,ht,8,79.1566169984982,29.5127556404897,10.4343348224459,58.7056965438721,99.6075374531243,42.1436263631699,128.550101740086,60.5930589846537,96.5819259611069,35.9888669764533
ADORA1,tumour,14,0.112835366079783,0.34105206751199,0.0911499991200543,-0.0658153493863807,0.291486081545947,0,1.26029511509888,0,0,0
ADORA1,host,9,0.34147923419624,1.02443770258872,0.34147923419624,-0.327807766296709,1.01076623468919,0,3.07331310776616,0,0,0
ADORA1,ht,8,0.361094697334135,1.02133003654188,0.361094697334135,-0.346637904449161,1.06882729911743,0,2.88875757867308,0,0,0
ARFGEF3,tumour,14,14.442970804194,7.59838234636615,2.03075310241526,10.4627678619671,18.4231737464209,0,26.4103883283704,9.40279342151011,20.6470847847201,11.24429136321
ARFGEF3,host,13,7.19526683609463,6.0989983878582,1.69155780126115,3.87987446785501,10.5106592043342,0,18.8961852232208,1.96251676085988,7.62961458630484,5.66709782544496
ARFGEF3,ht,8,21.2629033885405,9.59379860647228,3.3919200259873,14.6148622991652,27.9109444779157,11.3114188115281,38.5263462915193,14.4711661710221,25.8424306389721,11.37126446795
ASPM,tumour,14,74.9548626680908,19.436885721711,5.19472621689436,64.7733863734319,85.1363389627498,41.4703833201483,110.254513233457,60.6403522790186,89.9100575250489,29.2697052460302
ASPM,host,14,8.42529274137283,10.7147586603772,2.86363970636431,2.81266205219993,14.0379234305457,0,42.2203038948947,3.11742148503575,10.6530322125698,7.53561072753406
ASPM,ht,8,115.58240353517,74.1162771584933,26.2040610875361,64.2233875549117,166.941419515428,55.8861132207253,292.388466702941,84.8179173042778,108.823497570669,24.0055802663907
C4BPB,tumour,14,0.114805009909208,0.232857774046522,0.0622338578806363,-0.00717111015582334,0.236781129974239,0,0.63880002003617,0,0,0
C4BPB,host,5,0.340778130092871,0.499155847007205,0.223229281054919,-0.0967432210695394,0.778299481255282,0,1.10259770781009,0,0.601292942654267,0.601292942654267
C4BPB,ht,7,0,0,0,0,0,0,0,0,0,0
C7H1orf116,tumour,14,1.76303481955689,2.26768277928287,0.606063715854559,0.575171764145441,2.95089787496835,0,8.86614169476404,0.51081224792841,2.46994604227573,1.95913379434732
C7H1orf116,host,12,31.5453370091268,40.8634211572828,11.7962536025831,8.42510479556294,54.6655692226906,0,130.796094334258,2.09240439705922,52.6587859084359,50.5663815113767
C7H1orf116,ht,7,0,0,0,0,0,0,0,0,0,0
C7H1orf53,tumour,14,17.2765399045162,12.5218609156902,3.34660809938202,10.7173085593574,23.835771249675,0,47.2610668162081,9.83603184094468,21.9660052341443,12.1299733931996
C7H1orf53,host,5,10.606777797174,13.5783293807557,6.07241350325046,-1.29493396843161,22.5084895627796,0,34.2697190395435,3.92503352171975,7.62362111275544,3.69858759103569
C7H1orf53,ht,1,6.08310730918726,,,,,6.08310730918726,6.08310730918726,6.08310730918726,6.08310730918726,0
C7H1orf74,tumour,14,77.2645255740397,19.0847589613271,5.10061638160354,67.2675011671418,87.2615499809377,45.611026379363,104.269543821214,64.5258049941479,94.4763564785935,29.9505514844456
C7H1orf74,host,8,19.8177144437631,9.8376504143898,3.47813465947884,13.0006957778041,26.6347331097221,6.44421699401625,37.6966909434979,14.5726731429291,23.1523940591723,8.57972091624311
C7H1orf74,ht,7,133.233580484992,62.4361340123648,23.598640488717,86.9810950429977,179.486065926985,73.4382692444497,221.811940257403,81.9524731438043,175.300569979948,93.3480968361441
CACNA1S,tumour,14,0.0650174408695097,0.0718615966658204,0.0192058195707169,0.0273747262173301,0.102660155521689,0,0.187643210471197,0,0.115618045131515,0.115618045131515
CACNA1S,host,14,0,0,0,0,0,0,0,0,0,0
CACNA1S,ht,2,0,0,0,0,0,0,0,0,0,0
CAMSAP2,tumour,14,66.0778077746723,19.5946692975422,5.23689565132437,55.8136809072822,76.3419346420625,39.5330958460689,101.768830544235,48.8321515653241,80.2689785692656,31.4368270039415
CAMSAP2,host,3,114.382530986244,63.6952093820779,36.7744462828322,42.3059407204897,186.459121251998,41.3031767078157,158.108005361168,92.5197937987818,150.922208125458,58.402414326676
CAMSAP2,ht,2,38.7053076669617,14.6951827096618,10.3910633447772,18.3391977501241,59.0714175837992,28.3142443221845,49.0963710117388,33.5097759945731,43.9008393393503,10.3910633447772
CD55,tumour,14,0.0147348052256119,0.055132592815086,0.0147348052256119,-0.0141448823358,0.0436144927870238,0,0.206287273158567,0,0,0
CD55,host,14,26.1039923322457,29.7180892713906,7.94249344593615,10.5369912307654,41.6709934337259,0,111.376586878516,5.9660442373661,34.203554923592,28.2375106862259
CD55,ht,7,6.30682907920467,7.91800858140773,2.99272594075431,0.441194019727466,12.1724641386819,0.825149092634266,22.8055131896815,1.57744304461803,6.95758052050404,5.38013747588601
CFHR5,tumour,14,0,0,0,0,0,0,0,0,0,0
CFHR5,host,5,0,0,0,0,0,0,0,0,0,0
CFHR5,ht,5,0,0,0,0,0,0,0,0,0,0
CHI3L1,tumour,14,0.0388360980694948,0.0995293915815746,0.0266003488008796,-0.0132996275564325,0.0909718236954221,0,0.304155365459363,0,0,0
CHI3L1,host,7,23.5976355846538,29.2106543729881,11.0405895863411,1.95847762733721,45.2367935419703,3.83297095705994,76.832827694154,4.48574473008772,32.6578214936145,28.1720767635268
CHI3L1,ht,8,0.059887501878391,0.169387434746129,0.059887501878391,-0.0574898449273301,0.177264848684112,0,0.479100015027128,0,0,0
CITED2,tumour,14,264.849513417537,185.227168610103,49.5040431186581,167.823371815849,361.875655019225,59.9387405398529,778.862381131109,153.200483506977,324.329469344787,171.12898583781
CITED2,host,12,33.4851964738456,73.3916952381314,21.1863575010091,-8.03930119172212,75.0096941394134,0,259.758551226643,1.86051022492606,17.9462924270961,16.08578220217
CITED2,ht,3,8.25487618137097,5.07463010366377,2.92983905638806,2.51249715035156,13.9972552123904,2.52059023019776,12.1662146183745,6.2992069628692,11.1220191569576,4.82281219408838
CRB1,tumour,14,0.0568394545733252,0.0908942045385614,0.0242924979876178,0.0092270334230825,0.104451875723568,0,0.32335263194248,0,0.0953806170248045,0.0953806170248045
CRB1,host,11,0.0178801630769765,0.0593017921166975,0.0178801630769765,-0.0171643125916003,0.0529246387455532,0,0.196681793846741,0,0,0
CRB1,ht,4,0,0,0,0,0,0,0,0,0,0
CSRP1,tumour,14,0.69643223921433,0.976680725820883,0.261028903734817,0.184824988970115,1.20803948945854,0,3.36078697359702,0.0286301809532404,0.584153427465979,0.555523246512739
CSRP1,host,10,403.631888326055,479.555903529444,151.648892053302,106.405521606181,700.85825504593,0,1505.16387051898,44.5173824528323,472.186684155461,427.669301702629
CSRP1,ht,3,0,0,0,0,0,0,0,0,0,0
CYB5R1,tumour,14,3.75143151887407,13.8992633029925,3.71473437202556,-3.52931406242905,11.0321771001772,0,52.0409412492098,0,0,0
CYB5R1,host,4,0.229462092821198,0.458924185642396,0.229462092821198,-0.220275344925537,0.679199530567933,0,0.917848371284793,0,0.229462092821198,0.229462092821198
CYB5R1,ht,2,87.6615024338898,1.44369667276962,1.02084770729186,85.6606776938975,89.6623271738821,86.6406547265979,88.6823501411817,87.1510785802439,88.1719262875357,1.02084770729185
DDX59,tumour,14,27.8864625384468,14.2924986536816,3.81983094021459,20.3997314685945,35.3731936082992,0,57.4188224041861,21.1541017292517,34.027848470461,12.8737467412093
DDX59,host,9,5.37360850840026,3.58164087748502,1.19388029249501,3.0336461332579,7.71357088354262,2.14807233133875,12.5068932072088,2.31545518640119,7.62362111275544,5.30816592635425
DDX59,ht,1,1.91640006010851,,,,,1.91640006010851,1.91640006010851,1.91640006010851,1.91640006010851,0
DENND1B,tumour,14,117.312916433433,62.8137579937973,16.7876829706087,84.4096624271639,150.216170439703,60.1187367576903,304.073509195753,74.9290605514728,135.460445245435,60.5313846939621
DENND1B,host,12,4.42449375096585,11.2093694069873,3.23586622228504,-1.91768750350251,10.7666750054342,0,38.5496315939613,0,0.930255112463031,0.930255112463031
DENND1B,ht,8,252.103160406021,109.772998775143,38.8106159125431,176.035750999619,328.170569812422,137.478225187632,491.515094888564,198.872887334722,281.978503661818,83.1056163270958
DTL,tumour,14,95.2685618240032,68.9772854885604,18.4349549834205,59.1367139998819,131.400409648125,44.406683357067,310.662745871874,58.8280584100183,96.2681463364457,37.4400879264275
DTL,host,5,4.82774985422652,5.41863681948514,2.42328805475041,0.0781925427496004,9.57730716570344,0,13.0206592650373,0,6.7076991748549,6.7076991748549
DTL,ht,7,75.2905290781924,59.7633184376619,22.5884111585735,31.0180567394057,119.563001416979,32.1808146127364,194.991136560433,34.0444599226184,93.080903074789,59.0364431521706
DYRK3,tumour,14,35.1091873806022,12.332715929323,3.296056975424,28.6490344177791,41.5693403434253,20.2715672797169,59.4701757437285,25.6548184535198,38.5090721529787,12.8542536994589
DYRK3,host,14,56.9656485141919,83.1821584195373,22.2313669641616,13.3929699373417,100.538327091042,0,273.666158276178,1.0535946650206,83.8212292536894,82.7676345886688
DYRK3,ht,2,46.8898407634859,37.0626850279566,26.2072759122492,-4.47547615742663,98.2551576843985,20.6825648512367,73.0971166757352,33.7862028073613,59.9934787196105,26.2072759122492
ECT2L,tumour,14,3.22132562461823,2.01784747794202,0.539292422944638,2.1643318985114,4.27831935072507,0,7.56177069059329,1.86394235514835,4.7478544555162,2.88391210036785
ECT2L,host,13,0.179702153763922,0.301388592097167,0.083590155588172,0.0158684593490054,0.343535848178839,0,0.958242739264986,0,0.275649426952522,0.275649426952522
ECT2L,ht,6,0.217374851276899,0.354089506669775,0.144556435769128,-0.06595055656407,0.500700259117868,0,0.825149092634266,0,0.359325011270346,0.359325011270346
ENSCAFG00000000291,tumour,0,,,,,,Inf,-Inf,,,
ENSCAFG00000000291,host,8,0,0,0,0,0,0,0,0,0,0
ENSCAFG00000000291,ht,8,0,0,0,0,0,0,0,0,0,0
ENSCAFG00000010570,tumour,14,7.10760100099524,4.51801666836235,1.20749074576755,4.74096262762542,9.47423937436506,0,15.4036612193016,4.6693330196631,9.11909112225054,4.44975810258744
ENSCAFG00000010570,host,13,1.24428179890658,1.83171309772594,0.50802580736845,0.248569513247538,2.23999408456563,0,6.8539438079087,0.254120703758515,1.37677255692719,1.12265185316867
ENSCAFG00000010570,ht,7,8.73345442101268,6.07877144239496,2.29755964476835,4.23032026493407,13.2365885770913,0,17.0953927983001,4.55852888701287,12.880036234863,8.32150734785012
ENSCAFG00000011630,tumour,14,3.18150349605133,2.07890096282709,0.555609653138102,2.09252858643786,4.2704784056648,0,7.82530024544309,2.12057596160128,3.65856346371513,1.53798750211385
ENSCAFG00000011630,host,13,6.82921470296979,6.66387192427426,1.84822553200736,3.20675922492797,10.4516701810116,0,18.3766284635015,1.27060351879257,11.4989128711798,10.2283093523873
ENSCAFG00000011630,ht,6,4.17412424088558,3.21497819580662,1.31250935231665,1.60165318097296,6.7465953007982,0,7.94010351769868,1.86787119650084,6.70594004019183,4.83806884369099
ENSCAFG00000012296,tumour,0,,,,,,Inf,-Inf,,,
ENSCAFG00000012296,host,4,0,0,0,0,0,0,0,0,0,0
ENSCAFG00000012296,ht,2,1.21662146183745,1.72056257160471,1.21662146183745,-1.16791278618243,3.60115570985733,0,2.43324292367491,0.608310730918727,1.82493219275618,1.21662146183745
ENSCAFG00000029682,tumour,12,0.441704889451549,0.476618346558219,0.137587865343051,0.172037628669423,0.711372150233676,0,1.21662146183745,0,0.823668673249168,0.823668673249168
ENSCAFG00000029682,host,9,0.136743729076327,0.313665080944809,0.104555026981603,-0.0681803582102281,0.341667816362882,0,0.93004709035981,0,0,0
ENSCAFG00000029682,ht,2,0.534231024946877,0.755516760920353,0.534231024946877,-0.512842543372921,1.58130459326668,0,1.06846204989375,0.267115512473439,0.801346537420316,0.534231024946877
ENSCAFG00000032627,tumour,13,0,0,0,0,0,0,0,0,0,0
ENSCAFG00000032627,host,7,0,0,0,0,0,0,0,0,0,0
ENSCAFG00000032627,ht,3,0,0,0,0,0,0,0,0,0,0
ENSCAFG00000042607,tumour,5,0,0,0,0,0,0,0,0,0,0
ENSCAFG00000042607,host,6,1.22324659253057,1.89785539752389,0.774796221586744,-0.295326097137168,2.7418192821983,0,3.83297095705994,0,2.62988144859259,2.62988144859259
ENSCAFG00000042607,ht,2,0,0,0,0,0,0,0,0,0,0
ENSCAFG00000043167,tumour,14,0.338580454492392,0.418835421186131,0.111938474823119,0.119185075354736,0.557975833630049,0,1.31195650208092,0,0.526108323873363,0.526108323873363
ENSCAFG00000043167,host,12,2.29911584818677,4.50193856796712,1.29959772204549,-0.24804888141268,4.84628057778622,0,12.4034014995071,0,1.34349068119173,1.34349068119173
ENSCAFG00000043167,ht,7,0.325077986869262,0.421486197075577,0.159306808358334,0.0128423799949036,0.637313593743621,0,0.916165790503694,0,0.679690058790572,0.679690058790572
ENSCAFG00000045372,tumour,14,0,0,0,0,0,0,0,0,0,0
ENSCAFG00000045372,host,12,0.0974030166145403,0.337413947173719,0.0974030166145403,-0.0935033879355151,0.288309421164596,0,1.16883619937448,0,0,0
ENSCAFG00000045372,ht,3,0,0,0,0,0,0,0,0,0,0
ENSCAFG00000046356,tumour,14,0.0426866496422485,0.0651391010195673,0.0174091570355484,0.00856532885137153,0.0768079704331255,0,0.183233158100739,0,0.079910954966904,0.079910954966904
ENSCAFG00000046356,host,12,18.5037068123918,22.9876205061801,6.63595444363603,5.4974750998167,31.509938524967,0,82.5752972645573,7.56204484617497,15.3793765348492,7.81733168867428
ENSCAFG00000046356,ht,7,0.0456285728597264,0.120721856465627,0.0456285728597264,-0.0438017866112991,0.135058932330752,0,0.319400010018085,0,0,0
ERO1A,tumour,14,214.82445877073,56.8859206590312,15.2034018026643,185.026338795016,244.622578746443,148.889415733045,355.613271643735,177.032365415716,243.326852924427,66.2944875087114
ERO1A,host,5,80.6889920726409,70.2457177153778,31.4148399879692,19.1170371161326,142.260947029149,25.4975719931083,187.815576895937,33.2951211357506,116.883619937448,83.5884988016977
ERO1A,ht,8,395.079922093744,200.659982166964,70.944017051516,256.032203754177,534.127640433311,182.444105517452,778.862381131109,249.153110072111,509.436564063758,260.283453991647
F13B,tumour,14,0,0,0,0,0,0,0,0,0,0
F13B,host,6,0,0,0,0,0,0,0,0,0,0
F13B,ht,8,0,0,0,0,0,0,0,0,0,0
FCAMR,tumour,14,0.00923067260348397,0.023830553826295,0.00636898341107647,-0.00325230550035896,0.0217136507073269,0,0.0752305510975568,0,0,0
FCAMR,host,12,0.0183766284635015,0.0636585083412019,0.0183766284635015,-0.017640901482235,0.054394158409238,0,0.220519541562018,0,0,0
FCAMR,ht,3,0,0,0,0,0,0,0,0,0,0
GPR137C,tumour,14,0.481017348931386,0.64066990644355,0.17122623485202,0.14542009541303,0.816614602449742,0,2.15995461404875,0,0.700861149476883,0.700861149476883
GPR137C,host,1,0,,,,,0,0,0,0,0
GPR137C,ht,8,0,0,0,0,0,0,0,0,0,0
HEBP2,tumour,14,65.2769296831303,41.9906439860685,11.2224716604191,43.2812894111873,87.2725699550732,22.8055131896815,176.441316113843,48.5879469771152,64.1109024545245,15.5229554774093
HEBP2,host,9,31.6121511348784,28.4546086040124,9.48486953467078,13.0221484488624,50.2021538208943,1.61105424850406,78.1680825450547,13.8299089849477,55.5780788773692,41.7481698924215
HEBP2,ht,1,37.369801172116,,,,,37.369801172116,37.369801172116,37.369801172116,37.369801172116,0
HECA,tumour,11,103.838574526193,60.6542053003993,18.2879309944191,67.9948884253776,139.682260627008,15.1235413811866,213.60330631202,64.8155214960751,136.507711066855,71.6921895707801
HECA,host,8,79.5790953080197,49.9147826752567,17.6475406555634,44.990551207409,114.16763940863,36.7857386741761,189.547841448188,49.873712639326,83.3684877117541,33.4947750724281
HECA,ht,2,168.898801308164,11.2022631797661,7.92119625904898,153.373541925954,184.424060690373,160.977605049115,176.819997567213,164.938203178639,172.859399437688,7.92119625904903
HHAT,tumour,14,6.83177549357161,3.97873019771091,1.06336037387468,4.74762745819019,8.91592352895304,0,15.7057367164392,5.22309901413128,7.41252458611415,2.18942557198286
HHAT,host,13,4.66541706384678,5.93023813752355,1.64475212927333,1.4417621269755,7.88907200071807,0,22.2753173757033,1.24042242128635,5.69807647195061,4.45765405066426
HHAT,ht,6,0.895211182744572,0.925188549093501,0.377706643524164,0.154919764715703,1.63550260077344,0,2.51945592388516,0.206287273158567,1.04089654493388,0.834609271775313
IL10,tumour,14,38.406154296727,25.0265665169093,6.68863124811307,25.2966779445562,51.5156306488978,3.7131709168542,94.5221336324161,18.2112229456611,49.6708702951326,31.4596473494714
IL10,host,5,23.8717749673334,9.48195437488592,4.24045890835929,15.5606282290272,32.1829217056397,12.8884339880325,35.3431007393109,15.3318838282398,28.912223695471,13.5803398672312
IL10,ht,1,0,,,,,0,0,0,0,0
IL19,tumour,14,0,0,0,0,0,0,0,0,0,0
IL19,host,7,0.320410337863408,0.547888713436369,0.207082468841681,-0.0854638428959234,0.72628451862274,0,1.16883619937448,0,0.537018082834688,0.537018082834688
IL19,ht,4,0,0,0,0,0,0,0,0,0,0
IL20,tumour,14,0,0,0,0,0,0,0,0,0,0
IL20,host,10,0.834044121349933,1.27824779073647,0.404217443280554,0.0417924905971853,1.62629575210268,0,3.83297095705994,0,1.35023029739354,1.35023029739354
IL20,ht,5,0,0,0,0,0,0,0,0,0,0
INTS7,tumour,14,86.0987783064373,30.5612687924403,8.16784265188702,70.0901008773487,102.107455735526,52.3147228590105,164.678561706254,68.1322552057898,100.02319231165,31.8909371058606
INTS7,host,13,10.583419834067,6.45263053894587,1.78963771306109,7.07579437109263,14.0910452970414,0,18.2909261104096,6.31171547662221,15.700134086879,9.3884186102568
INTS7,ht,1,184.003086804437,,,,,184.003086804437,184.003086804437,184.003086804437,184.003086804437,0
IRF6,tumour,14,7.94496260925271,11.410203316869,3.04950510893967,1.96804242506007,13.9218827934454,0.916165790503694,45.611026379363,2.68681298735093,6.76582754207022,4.07901455471929
IRF6,host,14,22.9486634468961,29.9538703949659,8.00550860184239,7.25815490935944,38.6391719844328,0,91.1446148552614,0,39.5485294100991,39.5485294100991
IRF6,ht,7,0.643158479692973,0.939151023116861,0.354965721528441,-0.0525615502490456,1.33887850963499,0,2.4754472779028,0,1.01333103997401,1.01333103997401
KCNH1,tumour,14,18.6123527396479,11.1486233869721,2.97959493201606,12.7724539843784,24.4522514949175,5.04118046039553,48.1579328643992,11.4400892703505,23.8900026538201,12.4499133834696
KCNH1,host,9,6.06825976684832,8.12123253028004,2.70707751009335,0.762485343706996,11.3740341899896,0,26.4568894767878,1.53665655388308,6.98123507685094,5.44457852296786
KCNH1,ht,7,11.651630223379,8.72012182689807,3.29589625087979,5.19179227487405,18.111468171884,0,27.7264925321754,7.42972129072154,14.5368436692117,7.10712237849021
KIF21B,tumour,14,49.4132187578876,19.8465965817946,5.30422605018529,39.0171267336653,59.8093107821099,16.3994562760115,85.4676576940811,39.4043392743625,60.5667784153883,21.1624391410258
KIF21B,host,14,27.4189102497608,18.4528740257956,4.93173802898766,17.7528813317584,37.0849391677632,0,79.3817695968454,18.598091301436,35.4558720377053,16.8577807362693
KIF21B,ht,2,109.334140680945,20.0152764364768,14.1529376955561,81.5948925222162,137.073388839675,95.1812029853894,123.487078376502,102.257671833167,116.410609528723,14.1529376955561
LGR6,tumour,14,0.647989202173858,0.796441013340242,0.212857814335303,0.23079555224875,1.06518285209896,0,2.78476883734518,0.133121310508638,0.800260175802253,0.667138865293615
LGR6,host,11,1.92068849218201,1.76524713014837,0.532242035723075,0.877513271106501,2.96386371325751,0,5.11525899697896,0.286950497512783,3.29125628510488,3.0043057875921
LGR6,ht,1,3.64986438551236,,,,,3.64986438551236,3.64986438551236,3.64986438551236,3.64986438551236,0
LHX9,tumour,13,0.539814731113522,0.595675378794464,0.165210624751913,0.216007856736411,0.863621605490634,0,1.83233158100739,0,0.949348028053421,0.949348028053421
LHX9,host,10,0.279014127107943,0.882320141024829,0.279014127107943,-0.267843513201506,0.825871767417392,0,2.79014127107943,0,0,0
LHX9,ht,8,0.963243908710341,1.13979002403354,0.402976627561447,0.173424232078495,1.75306358534219,0,2.88875757867308,0,1.85334870078267,1.85334870078267
LPGAT1,tumour,14,22.4108845666388,10.3893387415422,2.77666757471344,16.9687161231603,27.8530530101173,10.502162560341,42.524069007894,15.1447602913591,30.2326050592257,15.0878447678667
LPGAT1,host,6,27.5794337325181,25.8354668020608,10.5472851552772,6.9071346935008,48.2517327715353,2.14807233133875,60.7794823674731,5.67139795817091,46.1274917031907,40.4560937450197
LPGAT1,ht,8,0.103143636579283,0.291734259445808,0.103143636579283,-0.0990141763506,0.305301449509166,0,0.825149092634266,0,0,0
MYBPH,tumour,14,0.0156185297866776,0.0584391873468711,0.0156185297866776,-0.0149932260866766,0.0462302856600318,0,0.218659417013487,0,0,0
MYBPH,host,7,0.0787569791292921,0.208371380786811,0.0787569791292921,-0.0756038634952931,0.233117821753877,0,0.551298853905044,0,0,0
MYBPH,ht,8,0,0,0,0,0,0,0,0,0,0
NAV1,tumour,14,56.5591281531727,28.0944248239465,7.50855086926318,41.8426388733299,71.2756174330154,21.6745158692733,118.004123985074,33.7416322860842,77.5756690020365,43.8340367159523
NAV1,host,8,77.9208030120332,50.3908631012764,17.8158605043777,43.0023580698632,112.839247954203,0,174.156593706798,52.857203463833,94.9484558601625,42.0912523963295
NAV1,ht,4,63.819471954007,14.0950164203358,7.0475082101679,50.0066096813276,77.6323342266864,47.0123301953252,81.5136379431094,59.1646622073974,68.0307695854062,8.86610737800876
NHSL1,tumour,14,104.988074541063,50.4242878124816,13.4764577833133,78.5747026465939,131.401446435531,22.8055131896815,209.797126826794,82.4763279976456,126.705641858463,44.2293138608171
NHSL1,host,13,11.4463461758961,10.4884549251557,2.90897400254168,5.74486189895105,17.1478304528411,0,38.5692702554157,5.71283437359102,14.8003049869673,9.08747061337626
NHSL1,ht,6,47.6165364864689,30.0957928993949,12.2865560013324,23.5353292298229,71.6977437431149,8.51635023286217,98.3030189777128,37.8686791177672,56.4924601562181,18.6237810384509
NR5A2,tumour,14,0,0,0,0,0,0,0,0,0,0
NR5A2,host,10,5.03089712093177,6.86600937152552,2.17122280500819,0.775378620703688,9.28641562115985,0,22.9978257423597,1.42284346157478,5.14618533654377,3.72334187496899
NR5A2,ht,5,0,0,0,0,0,0,0,0,0,0
OR52D3,tumour,14,0,0,0,0,0,0,0,0,0,0
OR52D3,host,11,0.336806147327104,0.803729090219877,0.242333438668458,-0.138158664712819,0.811770959367028,0,2.50228173528961,0,0,0
OR52D3,ht,4,0,0,0,0,0,0,0,0,0,0
OR52H7,tumour,14,0,0,0,0,0,0,0,0,0,0
OR52H7,host,8,3.66341752829453,2.75845493736821,0.975261095905287,1.7519409047971,5.57489415179196,0,7.6832827694154,1.90590527818886,5.11756284662751,3.21165756843865
OR52H7,ht,8,0,0,0,0,0,0,0,0,0,0
OR52H9,tumour,7,0,0,0,0,0,0,0,0,0,0
OR52H9,host,11,3.35500802498397,3.99683347990984,1.20509063658104,0.993073779178689,5.71694227078924,0,12.5114086764481,0.522884090629359,5.71223176951564,5.18934767888628
OR52H9,ht,6,0,0,0,0,0,0,0,0,0,0
PERP,tumour,14,0.0434507664941948,0.162577881413994,0.0434507664941948,-0.0417111709350867,0.128612703923476,0,0.608310730918727,0,0,0
PERP,host,12,72.0422309253756,176.127084851636,50.8435099253381,-27.6092173758919,171.693679226643,0,616.621220908554,0,43.9446923246124,43.9446923246124
PERP,ht,5,0,0,0,0,0,0,0,0,0,0
PGR,tumour,14,0.0195994095266858,0.0733342754319313,0.0195994095266858,-0.0188147272638695,0.0580135463172411,0,0.274391733373601,0,0,0
PGR,host,4,16.2066685214689,18.5174789956995,9.25873949784975,-1.9401274365551,34.3534644794929,0,37.4027583799835,1.03257941769539,28.8860469567195,27.8534675390241
PGR,ht,2,0,0,0,0,0,0,0,0,0,0
PIGR,tumour,14,0.0368126549832992,0.101987955475033,0.0272574276403665,-0.0166109215030256,0.090236231469624,0,0.361094697334135,0,0,0
PIGR,host,10,12.482648499557,30.8001856931552,9.73987391465025,-6.60715358711868,31.5724505862326,0,99.6572448835585,0,6.02403520772828,6.02403520772828
PIGR,ht,3,0.811080974558302,1.40483345698746,0.811080974558302,-0.778608524121618,2.40077047323822,0,2.43324292367491,0,1.21662146183745,1.21662146183745
PLXNA2,tumour,14,0.0364856844400284,0.0848432577901273,0.0226753144448854,-0.00795711521006783,0.0809284840901246,0,0.29999369639566,0,0,0
PLXNA2,host,13,15.2439268064571,10.4900244816654,2.90940931919363,9.54158932455238,20.9462642883618,0,32.511807225062,7.35943785322453,24.8212423834588,17.4618045302342
PLXNA2,ht,8,0,0,0,0,0,0,0,0,0,0
PPP1R12B,tumour,14,52.735671362691,24.5804722997006,6.56940755361193,39.8598691578463,65.6114735675358,19.9721767545531,93.5026040776941,29.9477960875733,74.119196157341,44.1714000697677
PPP1R12B,host,11,15.9366936104615,6.80097521976495,2.05057118295138,11.9176479441411,19.9557392767819,0,23.3767239874897,13.6520819443048,20.99981961124,7.3477376669352
PPP1R12B,ht,2,44.6691234384661,4.82482829683509,3.41166880675283,37.9823754500519,51.3558714268804,41.2574546317133,48.080792245219,42.9632890350897,46.3749578418426,3.41166880675283
PTPN7,tumour,14,304.461332119664,256.135164275844,68.455002101805,170.291993438513,438.630670800815,98.6153970730825,1005.71550184891,162.014487662041,332.808700444116,170.794212782076
PTPN7,host,10,12.328769647163,4.04883557256253,1.28035422808095,9.81932147267072,14.8382178216552,6.54172253619959,18.7013791899917,8.88007097587322,14.9569894117093,6.07691843583605
PTPN7,ht,2,820.885726923191,56.9852904303357,40.2946852911753,741.909594984112,899.86185886227,780.591041632016,861.180412214366,800.738384277603,841.033069568779,40.2946852911753
RABIF,tumour,14,117.284844101872,64.2571390489885,17.173442783972,83.6255147547271,150.944173449016,57.0137829742037,290.182950251518,79.2739946813225,110.232943623942,30.9589489426198
RABIF,host,8,41.546568903992,30.1395815616067,10.6559512521686,20.6612882287272,62.4318495792569,0,97.4094567099913,23.6314505233795,56.1575575042805,32.526106980901
RABIF,ht,2,144.829926628128,68.8960033182264,48.7168311429688,49.3466921469895,240.313161109266,96.1130954851588,193.546757771096,120.471511056643,169.188342199612,48.7168311429688
SERTAD4,tumour,14,7.43828328251975,5.61797450887262,1.50146684427364,4.49546234376242,10.3811042212771,0.958200030054255,22.8055131896815,4.3374734800968,7.79393296166684,3.45645948157004
SERTAD4,host,7,6.79410779462924,6.78524356230863,2.56458100726723,1.76762138495001,11.8205942043085,0,16.5212706831263,2.61858728471332,10.7520823235871,8.13349503887383
SERTAD4,ht,1,7.56177069059329,,,,,7.56177069059329,7.56177069059329,7.56177069059329,7.56177069059329,0
SYT14,tumour,14,31.1335231632841,25.4530036144383,6.8026013563962,17.8006695035643,44.466376823004,4.86113830109569,82.7712811959077,6.67879557967916,48.2840351059171,41.6052395262379
SYT14,host,14,2.79535966594283,10.1462898641784,2.71171002990377,-2.5194943291846,8.11021366107025,0,38.0396209194481,0,0,0
SYT14,ht,3,0,0,0,0,0,0,0,0,0,0
TNFAIP3,tumour,14,28.1419579169981,18.5286014647975,4.95197703838214,18.4362612694998,37.8476545644964,7.60183772989383,80.7247256706977,14.6011896258557,33.4665691645869,18.8653795387312
TNFAIP3,host,9,185.367329923825,152.969292185414,50.9897640618048,85.4292287824929,285.305431065157,64.0376983926795,547.332316552356,104.195483388053,183.30217227424,79.1066888861866
TNFAIP3,ht,5,7.13066699040409,5.6043320392999,2.50633348167092,2.21834363308221,12.042990347726,0,15.6778327600511,6.08310730918726,7.47923434925628,1.39612704006902
TNNI1,tumour,14,0,0,0,0,0,0,0,0,0,0
TNNI1,host,4,2.52158257600327,3.32636683198596,1.66318341599298,-0.738197019027275,5.78136217103381,0,7.0130171962469,0,4.05823912988635,4.05823912988635
TNNI1,ht,1,0,,,,,0,0,0,0,0
TRAF5,tumour,8,2.09832791327545,1.56020692255407,0.55161644749609,1.01717954290319,3.17947628364772,0,5.04118046039553,1.17958160885153,2.87813946229034,1.69855785343882
TRAF5,host,8,13.3650855242168,10.3752396158474,3.66820114440051,6.1755433931432,20.5546276552904,0,27.4157752316348,5.54569461060407,20.1934388476828,14.6477442370787
TRAF5,ht,3,1.05008504658717,1.42417883525838,0.822250033910593,-0.561495406164428,2.66166549933877,0,2.67115512473439,0.239550007513564,1.57512756988076,1.33557756236719
TRIM22,tumour,14,1.50540816369625,5.48177720367576,1.4650665833416,-1.36606957460643,4.37688590199894,0,20.546931546596,0,0,0
TRIM22,host,9,61.0901133045961,31.4566709573162,10.4855569857721,40.5387992546405,81.6414273545517,19.97653520048,107.885462481738,30.0730126387425,82.2568475309793,52.1838348922368
TRIM22,ht,6,7.2480130068197,11.248624497139,4.59223172102695,-1.7525957750555,16.2486217886949,0,22.8055131896815,0,15.5119236384275,15.5119236384275
TXNDC16,tumour,14,15.8690834550931,7.79725217622321,2.08390330012177,11.7847080395903,19.9534588705959,0,25.2059023019776,9.3428819374703,21.5096871014452,12.1668051639749
TXNDC16,host,11,9.98362898322974,3.61734335247778,1.09067005800501,7.84595495052371,12.1213030159358,3.81181055637772,17.4391190544111,8.47294740487235,11.2624449746404,2.78949756976801
TXNDC16,ht,1,0,,,,,0,0,0,0,0
UTP25,tumour,14,94.9574001413698,32.8729154933069,8.78565622002337,77.7378303695737,112.176969913166,42.0919377750962,170.436697141712,74.6147477495121,111.759378611893,37.1446308623808
UTP25,host,13,13.6140378506093,13.1249412170051,3.64020373425866,6.47936963507417,20.7487060661445,0,40.9220719758317,2.40517177061707,16.1105424850406,13.7053707144236
UTP25,ht,8,143.818524577234,41.0971694701722,14.5300436099657,115.340162407904,172.296886746563,110.856060650947,234.414891408392,123.649904097228,145.956173033663,22.3062689364346
ZNF281,tumour,14,136.819213838156,71.9108159747711,19.2189739843531,99.1507170090115,174.4877106673,57.1812087063603,315.803523223024,91.7787672268886,153.773898802302,61.9951315754139
ZNF281,host,3,35.9407597414844,20.5698608592387,11.8760147042746,12.664198641238,59.2173208417308,16.5212706831263,57.4945643558992,25.163857434277,45.6505042706635,20.4866468363864
ZNF281,ht,6,89.3388501295254,48.1094115296359,19.6405850121963,50.8440108703234,127.833689388727,42.7384819957502,178.961906344041,61.3463392023449,93.9778687071725,32.6315295048276
